title,price,availability,rating,category,image_path
A Light in the Attic,51.77,22,3,Poetry,images\A_Light_in_the_Attic.jpg
Tipping the Velvet,53.74,20,1,Historical Fiction,images\Tipping_the_Velvet.jpg
Soumission,50.1,20,1,Fiction,images\Soumission.jpg
Sharp Objects,47.82,20,4,Mystery,images\Sharp_Objects.jpg
Sapiens: A Brief History of Humankind,54.23,20,5,History,images\Sapiens__A_Brief_History_of_Humankind.jpg
The Requiem Red,22.65,19,1,Young Adult,images\The_Requiem_Red.jpg
The Dirty Little Secrets of Getting Your Dream Job,33.34,19,4,Business,images\The_Dirty_Little_Secrets_of_Getting_Your_Dream_Job.jpg
"The Coming Woman: A Novel Based on the Life of the Infamous Feminist, Victoria Woodhull",17.93,19,3,Default,images\The_Coming_Woman__A_Novel_Based_on_the_Life_of_the_Infamous_Feminist__Victoria_Woodhull.jpg
The Boys in the Boat: Nine Americans and Their Epic Quest for Gold at the 1936 Berlin Olympics,22.6,19,4,Default,images\The_Boys_in_the_Boat__Nine_Americans_and_Their_Epic_Quest_for_Gold_at_the_1936_Berlin_Olympics.jpg
The Black Maria,52.15,19,1,Poetry,images\The_Black_Maria.jpg
"Starving Hearts (Triangular Trade Trilogy, #1)",13.99,19,2,Default,images\Starving_Hearts_(Triangular_Trade_Trilogy__#1).jpg
Shakespeare's Sonnets,20.66,19,4,Poetry,images\Shakespeare's_Sonnets.jpg
Set Me Free,17.46,19,5,Young Adult,images\Set_Me_Free.jpg
Scott Pilgrim's Precious Little Life (Scott Pilgrim #1),52.29,19,5,Sequential Art,images\Scott_Pilgrim's_Precious_Little_Life_(Scott_Pilgrim_#1).jpg
Rip it Up and Start Again,35.02,19,5,Music,images\Rip_it_Up_and_Start_Again.jpg
"Our Band Could Be Your Life: Scenes from the American Indie Underground, 1981-1991",57.25,19,3,Music,images\Our_Band_Could_Be_Your_Life__Scenes_from_the_American_Indie_Underground__1981-1991.jpg
Olio,23.88,19,1,Poetry,images\Olio.jpg
Mesaerion: The Best Science Fiction Stories 1800-1849,37.59,19,1,Science Fiction,images\Mesaerion__The_Best_Science_Fiction_Stories_1800-1849.jpg
Libertarianism for Beginners,51.33,19,2,Politics,images\Libertarianism_for_Beginners.jpg
It's Only the Himalayas,45.17,19,2,Travel,images\It's_Only_the_Himalayas.jpg
In Her Wake,12.84,19,1,Thriller,images\In_Her_Wake.jpg
How Music Works,37.32,19,2,Music,images\How_Music_Works.jpg
"Foolproof Preserving: A Guide to Small Batch Jams, Jellies, Pickles, Condiments, and More: A Foolproof Guide to Making Small Batch Jams, Jellies, Pickles, Condiments, and More",30.52,19,3,Food and Drink,images\Foolproof_Preserving__A_Guide_to_Small_Batch_Jams__Jellies__Pickles__Condiments__and_More__A_Foolproof_Guide_to_Making_Small_Batch_Jams__Jellies__Pickles__Condiments__and_More.jpg
Chase Me (Paris Nights #2),25.27,19,5,Romance,images\Chase_Me_(Paris_Nights_#2).jpg
Black Dust,34.53,19,5,Romance,images\Black_Dust.jpg
Birdsong: A Story in Pictures,54.64,19,3,Childrens,images\Birdsong__A_Story_in_Pictures.jpg
America's Cradle of Quarterbacks: Western Pennsylvania's Football Factory from Johnny Unitas to Joe Montana,22.5,19,3,Default,images\America's_Cradle_of_Quarterbacks__Western_Pennsylvania's_Football_Factory_from_Johnny_Unitas_to_Joe_Montana.jpg
Aladdin and His Wonderful Lamp,53.13,19,3,Default,images\Aladdin_and_His_Wonderful_Lamp.jpg
Worlds Elsewhere: Journeys Around Shakespeare’s Globe,40.3,18,5,Nonfiction,images\Worlds_Elsewhere__Journeys_Around_Shakespeare’s_Globe.jpg
Wall and Piece,44.18,18,4,Art,images\Wall_and_Piece.jpg
The Four Agreements: A Practical Guide to Personal Freedom,17.66,18,5,Spirituality,images\The_Four_Agreements__A_Practical_Guide_to_Personal_Freedom.jpg
The Five Love Languages: How to Express Heartfelt Commitment to Your Mate,31.05,18,3,Nonfiction,images\The_Five_Love_Languages__How_to_Express_Heartfelt_Commitment_to_Your_Mate.jpg
The Elephant Tree,23.82,18,5,Thriller,images\The_Elephant_Tree.jpg
The Bear and the Piano,36.89,18,1,Childrens,images\The_Bear_and_the_Piano.jpg
Sophie's World,15.94,18,5,Philosophy,images\Sophie's_World.jpg
Penny Maybe,33.29,18,3,Default,images\Penny_Maybe.jpg
Maude (1883-1993):She Grew Up with the country,18.02,18,2,Default,images\Maude_(1883-1993)_She_Grew_Up_with_the_country.jpg
"In a Dark, Dark Wood",19.63,18,1,Mystery,images\In_a_Dark__Dark_Wood.jpg
Behind Closed Doors,52.22,18,4,Thriller,images\Behind_Closed_Doors.jpg
You can't bury them all: Poems,33.63,17,2,Poetry,images\You_can't_bury_them_all__Poems.jpg
Slow States of Collapse: Poems,57.31,17,3,Poetry,images\Slow_States_of_Collapse__Poems.jpg
Reasons to Stay Alive,26.41,17,2,Nonfiction,images\Reasons_to_Stay_Alive.jpg
Private Paris (Private #10),47.61,17,5,Fiction,images\Private_Paris_(Private_#10).jpg
#HigherSelfie: Wake Up Your Life. Free Your Soul. Find Your Tribe.,23.11,17,5,Nonfiction,images\#HigherSelfie__Wake_Up_Your_Life._Free_Your_Soul._Find_Your_Tribe..jpg
Without Borders (Wanderlove #1),45.07,16,2,New Adult,images\Without_Borders_(Wanderlove_#1).jpg
When We Collided,31.77,16,1,Contemporary,images\When_We_Collided.jpg
"We Love You, Charlie Freeman",50.27,16,5,Fiction,images\We_Love_You__Charlie_Freeman.jpg
Untitled Collection: Sabbath Poems 2014,14.27,16,4,Poetry,images\Untitled_Collection__Sabbath_Poems_2014.jpg
"Unseen City: The Majesty of Pigeons, the Discreet Charm of Snails & Other Wonders of the Urban Wilderness",44.18,16,4,Nonfiction,images\Unseen_City__The_Majesty_of_Pigeons__the_Discreet_Charm_of_Snails_&_Other_Wonders_of_the_Urban_Wilderness.jpg
Unicorn Tracks,18.78,16,3,Fantasy,images\Unicorn_Tracks.jpg
"Unbound: How Eight Technologies Made Us Human, Transformed Society, and Brought Our World to the Brink",25.52,16,1,History,images\Unbound__How_Eight_Technologies_Made_Us_Human__Transformed_Society__and_Brought_Our_World_to_the_Brink.jpg
Tsubasa: WoRLD CHRoNiCLE 2 (Tsubasa WoRLD CHRoNiCLE #2),16.28,16,1,Sequential Art,images\Tsubasa__WoRLD_CHRoNiCLE_2_(Tsubasa_WoRLD_CHRoNiCLE_#2).jpg
Throwing Rocks at the Google Bus: How Growth Became the Enemy of Prosperity,31.12,16,3,Nonfiction,images\Throwing_Rocks_at_the_Google_Bus__How_Growth_Became_the_Enemy_of_Prosperity.jpg
This One Summer,19.49,16,4,Sequential Art,images\This_One_Summer.jpg
Thirst,17.27,16,5,Fiction,images\Thirst.jpg
The Torch Is Passed: A Harding Family Story,19.09,16,1,Add a comment,images\The_Torch_Is_Passed__A_Harding_Family_Story.jpg
The Secret of Dreadwillow Carse,56.13,16,1,Childrens,images\The_Secret_of_Dreadwillow_Carse.jpg
"The Pioneer Woman Cooks: Dinnertime: Comfort Classics, Freezer Food, 16-Minute Meals, and Other Delicious Ways to Solve Supper!",56.41,16,1,Food and Drink,images\The_Pioneer_Woman_Cooks__Dinnertime__Comfort_Classics__Freezer_Food__16-Minute_Meals__and_Other_Delicious_Ways_to_Solve_Supper!.jpg
The Past Never Ends,56.5,16,4,Mystery,images\The_Past_Never_Ends.jpg
The Natural History of Us (The Fine Art of Pretending #2),45.22,16,3,Young Adult,images\The_Natural_History_of_Us_(The_Fine_Art_of_Pretending_#2).jpg
The Nameless City (The Nameless City #1),38.16,16,4,Sequential Art,images\The_Nameless_City_(The_Nameless_City_#1).jpg
The Murder That Never Was (Forensic Instincts #5),54.11,16,3,Fiction,images\The_Murder_That_Never_Was_(Forensic_Instincts_#5).jpg
The Most Perfect Thing: Inside (and Outside) a Bird's Egg,42.96,16,4,Science,images\The_Most_Perfect_Thing__Inside_(and_Outside)_a_Bird's_Egg.jpg
"The Mindfulness and Acceptance Workbook for Anxiety: A Guide to Breaking Free from Anxiety, Phobias, and Worry Using Acceptance and Commitment Therapy",23.89,16,4,Add a comment,images\The_Mindfulness_and_Acceptance_Workbook_for_Anxiety__A_Guide_to_Breaking_Free_from_Anxiety__Phobias__and_Worry_Using_Acceptance_and_Commitment_Therapy.jpg
The Life-Changing Magic of Tidying Up: The Japanese Art of Decluttering and Organizing,16.77,16,3,Nonfiction,images\The_Life-Changing_Magic_of_Tidying_Up__The_Japanese_Art_of_Decluttering_and_Organizing.jpg
"The Inefficiency Assassin: Time Management Tactics for Working Smarter, Not Longer",20.59,16,5,Default,images\The_Inefficiency_Assassin__Time_Management_Tactics_for_Working_Smarter__Not_Longer.jpg
The Gutsy Girl: Escapades for Your Life of Epic Adventure,37.13,16,1,Nonfiction,images\The_Gutsy_Girl__Escapades_for_Your_Life_of_Epic_Adventure.jpg
The Electric Pencil: Drawings from Inside State Hospital No. 3,56.06,16,1,Nonfiction,images\The_Electric_Pencil__Drawings_from_Inside_State_Hospital_No._3.jpg
The Death of Humanity: and the Case for Life,58.11,16,4,Philosophy,images\The_Death_of_Humanity__and_the_Case_for_Life.jpg
"The Bulletproof Diet: Lose up to a Pound a Day, Reclaim Energy and Focus, Upgrade Your Life",49.05,16,3,Health,images\The_Bulletproof_Diet__Lose_up_to_a_Pound_a_Day__Reclaim_Energy_and_Focus__Upgrade_Your_Life.jpg
The Art Forger,40.76,16,3,Add a comment,images\The_Art_Forger.jpg
The Age of Genius: The Seventeenth Century and the Birth of the Modern Mind,19.73,16,1,History,images\The_Age_of_Genius__The_Seventeenth_Century_and_the_Birth_of_the_Modern_Mind.jpg
The Activist's Tao Te Ching: Ancient Advice for a Modern Revolution,32.24,16,5,Spirituality,images\The_Activist's_Tao_Te_Ching__Ancient_Advice_for_a_Modern_Revolution.jpg
Spark Joy: An Illustrated Master Class on the Art of Organizing and Tidying Up,41.83,16,4,Nonfiction,images\Spark_Joy__An_Illustrated_Master_Class_on_the_Art_of_Organizing_and_Tidying_Up.jpg
Soul Reader,39.58,16,2,Default,images\Soul_Reader.jpg
Security,39.25,16,2,Horror,images\Security.jpg
"Saga, Volume 6 (Saga (Collected Editions) #6)",25.02,16,3,Fantasy,images\Saga__Volume_6_(Saga_(Collected_Editions)_#6).jpg
"Saga, Volume 5 (Saga (Collected Editions) #5)",51.04,16,2,Sequential Art,images\Saga__Volume_5_(Saga_(Collected_Editions)_#5).jpg
Reskilling America: Learning to Labor in the Twenty-First Century,19.83,16,2,Nonfiction,images\Reskilling_America__Learning_to_Labor_in_the_Twenty-First_Century.jpg
"Rat Queens, Vol. 3: Demons (Rat Queens (Collected Editions) #11-15)",50.4,16,3,Sequential Art,images\Rat_Queens__Vol._3__Demons_(Rat_Queens_(Collected_Editions)_#11-15).jpg
"Princess Jellyfish 2-in-1 Omnibus, Vol. 01 (Princess Jellyfish 2-in-1 Omnibus #1)",13.61,16,5,Sequential Art,images\Princess_Jellyfish_2-in-1_Omnibus__Vol._01_(Princess_Jellyfish_2-in-1_Omnibus_#1).jpg
Princess Between Worlds (Wide-Awake Princess #5),13.34,16,5,Fantasy,images\Princess_Between_Worlds_(Wide-Awake_Princess_#5).jpg
"Pop Gun War, Volume 1: Gift",18.97,16,1,Sequential Art,images\Pop_Gun_War__Volume_1__Gift.jpg
"Political Suicide: Missteps, Peccadilloes, Bad Calls, Backroom Hijinx, Sordid Pasts, Rotten Breaks, and Just Plain Dumb Mistakes in the Annals of American Politics",36.28,16,2,History,images\Political_Suicide__Missteps__Peccadilloes__Bad_Calls__Backroom_Hijinx__Sordid_Pasts__Rotten_Breaks__and_Just_Plain_Dumb_Mistakes_in_the_Annals_of_American_Politics.jpg
Patience,10.16,16,3,Sequential Art,images\Patience.jpg
"Outcast, Vol. 1: A Darkness Surrounds Him (Outcast #1)",15.44,16,4,Sequential Art,images\Outcast__Vol._1__A_Darkness_Surrounds_Him_(Outcast_#1).jpg
orange: The Complete Collection 1 (orange: The Complete Collection #1),48.41,16,1,Sequential Art,images\orange__The_Complete_Collection_1_(orange__The_Complete_Collection_#1).jpg
Online Marketing for Busy Authors: A Step-By-Step Guide,46.35,16,1,Self Help,images\Online_Marketing_for_Busy_Authors__A_Step-By-Step_Guide.jpg
On a Midnight Clear,14.07,16,3,Add a comment,images\On_a_Midnight_Clear.jpg
Obsidian (Lux #1),14.86,16,2,Young Adult,images\Obsidian_(Lux_#1).jpg
My Paris Kitchen: Recipes and Stories,33.37,16,2,Food and Drink,images\My_Paris_Kitchen__Recipes_and_Stories.jpg
Masks and Shadows,56.4,16,2,Fantasy,images\Masks_and_Shadows.jpg
"Mama Tried: Traditional Italian Cooking for the Screwed, Crude, Vegan, and Tattooed",14.02,16,4,Food and Drink,images\Mama_Tried__Traditional_Italian_Cooking_for_the_Screwed__Crude__Vegan__and_Tattooed.jpg
"Lumberjanes, Vol. 2: Friendship to the Max (Lumberjanes #5-8)",46.91,16,2,Sequential Art,images\Lumberjanes__Vol._2__Friendship_to_the_Max_(Lumberjanes_#5-8).jpg
"Lumberjanes, Vol. 1: Beware the Kitten Holy (Lumberjanes #1-4)",45.61,16,3,Sequential Art,images\Lumberjanes__Vol._1__Beware_the_Kitten_Holy_(Lumberjanes_#1-4).jpg
Lumberjanes Vol. 3: A Terrible Plan (Lumberjanes #9-12),19.92,16,2,Sequential Art,images\Lumberjanes_Vol._3__A_Terrible_Plan_(Lumberjanes_#9-12).jpg
"Layered: Baking, Building, and Styling Spectacular Cakes",40.11,16,1,Food and Drink,images\Layered__Baking__Building__and_Styling_Spectacular_Cakes.jpg
Judo: Seven Steps to Black Belt (an Introductory Guide for Beginners),53.9,16,2,Add a comment,images\Judo__Seven_Steps_to_Black_Belt_(an_Introductory_Guide_for_Beginners).jpg
Join,35.67,16,5,Science Fiction,images\Join.jpg
In the Country We Love: My Family Divided,22.0,16,4,Nonfiction,images\In_the_Country_We_Love__My_Family_Divided.jpg
Immunity: How Elie Metchnikoff Changed the Course of Modern Medicine,57.36,16,5,Science,images\Immunity__How_Elie_Metchnikoff_Changed_the_Course_of_Modern_Medicine.jpg
"I Hate Fairyland, Vol. 1: Madly Ever After (I Hate Fairyland (Compilations) #1-5)",29.17,16,2,Sequential Art,images\I_Hate_Fairyland__Vol._1__Madly_Ever_After_(I_Hate_Fairyland_(Compilations)_#1-5).jpg
I am a Hero Omnibus Volume 1,54.63,16,3,Sequential Art,images\I_am_a_Hero_Omnibus_Volume_1.jpg
How to Be Miserable: 40 Strategies You Already Use,46.03,16,1,Self Help,images\How_to_Be_Miserable__40_Strategies_You_Already_Use.jpg
Her Backup Boyfriend (The Sorensen Family #1),33.97,16,1,Romance,images\Her_Backup_Boyfriend_(The_Sorensen_Family_#1).jpg
"Giant Days, Vol. 2 (Giant Days #5-8)",22.11,16,2,Sequential Art,images\Giant_Days__Vol._2_(Giant_Days_#5-8).jpg
Forever and Forever: The Courtship of Henry Longfellow and Fanny Appleton,29.69,16,3,Historical Fiction,images\Forever_and_Forever__The_Courtship_of_Henry_Longfellow_and_Fanny_Appleton.jpg
First and First (Five Boroughs #3),15.97,16,4,Romance,images\First_and_First_(Five_Boroughs_#3).jpg
Fifty Shades Darker (Fifty Shades #2),21.96,16,1,Romance,images\Fifty_Shades_Darker_(Fifty_Shades_#2).jpg
Everydata: The Misinformation Hidden in the Little Data You Consume Every Day,54.35,16,2,Nonfiction,images\Everydata__The_Misinformation_Hidden_in_the_Little_Data_You_Consume_Every_Day.jpg
"Don't Be a Jerk: And Other Practical Advice from Dogen, Japan's Greatest Zen Master",37.97,16,2,Religion,images\Don't_Be_a_Jerk__And_Other_Practical_Advice_from_Dogen__Japan's_Greatest_Zen_Master.jpg
Danganronpa Volume 1,51.99,16,4,Sequential Art,images\Danganronpa_Volume_1.jpg
Crown of Midnight (Throne of Glass #2),43.29,16,3,Fantasy,images\Crown_of_Midnight_(Throne_of_Glass_#2).jpg
"Codename Baboushka, Volume 1: The Conclave of Death",36.72,16,4,Sequential Art,images\Codename_Baboushka__Volume_1__The_Conclave_of_Death.jpg
Camp Midnight,17.08,16,4,Sequential Art,images\Camp_Midnight.jpg
Call the Nurse: True Stories of a Country Nurse on a Scottish Isle,29.14,16,5,Nonfiction,images\Call_the_Nurse__True_Stories_of_a_Country_Nurse_on_a_Scottish_Isle.jpg
Burning,28.81,16,3,Young Adult,images\Burning.jpg
Bossypants,49.46,16,2,Default,images\Bossypants.jpg
"Bitch Planet, Vol. 1: Extraordinary Machine (Bitch Planet (Collected Editions))",37.92,16,2,Sequential Art,images\Bitch_Planet__Vol._1__Extraordinary_Machine_(Bitch_Planet_(Collected_Editions)).jpg
"Avatar: The Last Airbender: Smoke and Shadow, Part 3 (Smoke and Shadow #3)",28.09,16,2,Fantasy,images\Avatar__The_Last_Airbender__Smoke_and_Shadow__Part_3_(Smoke_and_Shadow_#3).jpg
Algorithms to Live By: The Computer Science of Human Decisions,30.81,16,1,Nonfiction,images\Algorithms_to_Live_By__The_Computer_Science_of_Human_Decisions.jpg
A World of Flavor: Your Gluten Free Passport,42.95,16,1,Default,images\A_World_of_Flavor__Your_Gluten_Free_Passport.jpg
"A Piece of Sky, a Grain of Rice: A Memoir in Four Meditations",56.76,16,5,Default,images\A_Piece_of_Sky__a_Grain_of_Rice__A_Memoir_in_Four_Meditations.jpg
A Murder in Time,16.64,16,1,Mystery,images\A_Murder_in_Time.jpg
A Flight of Arrows (The Pathfinders #2),55.53,16,5,Historical Fiction,images\A_Flight_of_Arrows_(The_Pathfinders_#2).jpg
A Fierce and Subtle Poison,28.13,16,4,Young Adult,images\A_Fierce_and_Subtle_Poison.jpg
A Court of Thorns and Roses (A Court of Thorns and Roses #1),52.37,16,1,Fantasy,images\A_Court_of_Thorns_and_Roses_(A_Court_of_Thorns_and_Roses_#1).jpg
(Un)Qualified: How God Uses Broken People to Do Big Things,54.0,16,5,Christian,images\(Un)Qualified__How_God_Uses_Broken_People_to_Do_Big_Things.jpg
You Are What You Love: The Spiritual Power of Habit,21.87,15,4,Religion,images\You_Are_What_You_Love__The_Spiritual_Power_of_Habit.jpg
"William Shakespeare's Star Wars: Verily, A New Hope (William Shakespeare's Star Wars #4)",43.3,15,4,Science Fiction,images\William_Shakespeare's_Star_Wars__Verily__A_New_Hope_(William_Shakespeare's_Star_Wars_#4).jpg
Tuesday Nights in 1980,21.04,15,2,Fiction,images\Tuesday_Nights_in_1980.jpg
Tracing Numbers on a Train,41.6,15,3,Default,images\Tracing_Numbers_on_a_Train.jpg
Throne of Glass (Throne of Glass #1),35.07,15,3,Fantasy,images\Throne_of_Glass_(Throne_of_Glass_#1).jpg
Thomas Jefferson and the Tripoli Pirates: The Forgotten War That Changed American History,59.64,15,1,History,images\Thomas_Jefferson_and_the_Tripoli_Pirates__The_Forgotten_War_That_Changed_American_History.jpg
Thirteen Reasons Why,52.72,15,1,Default,images\Thirteen_Reasons_Why.jpg
The White Cat and the Monk: A Retelling of the Poem “Pangur Bán”,58.08,15,4,Childrens,images\The_White_Cat_and_the_Monk__A_Retelling_of_the_Poem_“Pangur_Bán”.jpg
The Wedding Dress,24.12,15,1,Romance,images\The_Wedding_Dress.jpg
The Vacationers,42.15,15,4,Fiction,images\The_Vacationers.jpg
The Third Wave: An Entrepreneur’s Vision of the Future,12.61,15,5,Business,images\The_Third_Wave__An_Entrepreneur’s_Vision_of_the_Future.jpg
The Stranger,17.44,15,4,Philosophy,images\The_Stranger.jpg
The Shadow Hero (The Shadow Hero),33.14,15,1,Sequential Art,images\The_Shadow_Hero_(The_Shadow_Hero).jpg
The Secret (The Secret #1),27.37,15,4,Default,images\The_Secret_(The_Secret_#1).jpg
The Regional Office Is Under Attack!,51.36,15,5,Fiction,images\The_Regional_Office_Is_Under_Attack!.jpg
The Psychopath Test: A Journey Through the Madness Industry,36.0,15,2,Default,images\The_Psychopath_Test__A_Journey_Through_the_Madness_Industry.jpg
The Project,10.65,15,1,Science Fiction,images\The_Project.jpg
The Power of Now: A Guide to Spiritual Enlightenment,43.54,15,2,Nonfiction,images\The_Power_of_Now__A_Guide_to_Spiritual_Enlightenment.jpg
The Omnivore's Dilemma: A Natural History of Four Meals,38.21,15,2,Nonfiction,images\The_Omnivore's_Dilemma__A_Natural_History_of_Four_Meals.jpg
The Nerdy Nummies Cookbook: Sweet Treats for the Geek in All of Us,37.34,15,5,Food and Drink,images\The_Nerdy_Nummies_Cookbook__Sweet_Treats_for_the_Geek_in_All_of_Us.jpg
The Murder of Roger Ackroyd (Hercule Poirot #4),44.1,15,4,Mystery,images\The_Murder_of_Roger_Ackroyd_(Hercule_Poirot_#4).jpg
The Mistake (Off-Campus #2),43.29,15,3,New Adult,images\The_Mistake_(Off-Campus_#2).jpg
The Matchmaker's Playbook (Wingmen Inc. #1),55.85,15,1,New Adult,images\The_Matchmaker's_Playbook_(Wingmen_Inc._#1).jpg
The Love and Lemons Cookbook: An Apple-to-Zucchini Celebration of Impromptu Cooking,37.6,15,2,Food and Drink,images\The_Love_and_Lemons_Cookbook__An_Apple-to-Zucchini_Celebration_of_Impromptu_Cooking.jpg
The Long Shadow of Small Ghosts: Murder and Memory in an American City,10.97,15,1,Crime,images\The_Long_Shadow_of_Small_Ghosts__Murder_and_Memory_in_an_American_City.jpg
The Kite Runner,41.82,15,4,Default,images\The_Kite_Runner.jpg
The House by the Lake,36.95,15,1,Historical Fiction,images\The_House_by_the_Lake.jpg
The Glittering Court (The Glittering Court #1),44.28,15,1,Fantasy,images\The_Glittering_Court_(The_Glittering_Court_#1).jpg
The Girl on the Train,55.02,15,2,Default,images\The_Girl_on_the_Train.jpg
The Genius of Birds,17.24,15,1,Nonfiction,images\The_Genius_of_Birds.jpg
The Emerald Mystery,23.15,15,2,Default,images\The_Emerald_Mystery.jpg
The Cookies & Cups Cookbook: 125+ sweet & savory recipes reminding you to Always Eat Dessert First,41.25,15,1,Food and Drink,images\The_Cookies_&_Cups_Cookbook__125+_sweet_&_savory_recipes_reminding_you_to_Always_Eat_Dessert_First.jpg
The Bridge to Consciousness: I'm Writing the Bridge Between Science and Our Old and New Beliefs.,32.0,15,3,Default,images\The_Bridge_to_Consciousness__I'm_Writing_the_Bridge_Between_Science_and_Our_Old_and_New_Beliefs..jpg
The Artist's Way: A Spiritual Path to Higher Creativity,38.49,15,5,Nonfiction,images\The_Artist's_Way__A_Spiritual_Path_to_Higher_Creativity.jpg
The Art of War,33.34,15,5,Default,images\The_Art_of_War.jpg
The Argonauts,10.93,15,2,Autobiography,images\The_Argonauts.jpg
The 10% Entrepreneur: Live Your Startup Dream Without Quitting Your Day Job,27.55,15,3,Business,images\The_10%_Entrepreneur__Live_Your_Startup_Dream_Without_Quitting_Your_Day_Job.jpg
Suddenly in Love (Lake Haven #1),55.99,15,2,Romance,images\Suddenly_in_Love_(Lake_Haven_#1).jpg
Something More Than This,16.24,15,4,Romance,images\Something_More_Than_This.jpg
Soft Apocalypse,26.12,15,2,Science Fiction,images\Soft_Apocalypse.jpg
So You've Been Publicly Shamed,12.23,15,2,Nonfiction,images\So_You've_Been_Publicly_Shamed.jpg
Shoe Dog: A Memoir by the Creator of NIKE,23.99,15,2,Business,images\Shoe_Dog__A_Memoir_by_the_Creator_of_NIKE.jpg
"Shobu Samurai, Project Aryoku (#3)",29.06,15,3,Add a comment,images\Shobu_Samurai__Project_Aryoku_(#3).jpg
Secrets and Lace (Fatal Hearts #1),20.27,15,1,Default,images\Secrets_and_Lace_(Fatal_Hearts_#1).jpg
Scarlett Epstein Hates It Here,43.55,15,5,Young Adult,images\Scarlett_Epstein_Hates_It_Here.jpg
Romero and Juliet: A Tragic Tale of Love and Zombies,36.94,15,1,Default,images\Romero_and_Juliet__A_Tragic_Tale_of_Love_and_Zombies.jpg
Redeeming Love,20.47,15,5,Christian Fiction,images\Redeeming_Love.jpg
Poses for Artists Volume 1 - Dynamic and Sitting Poses: An Essential Reference for Figure Drawing and the Human Form,41.06,15,1,Default,images\Poses_for_Artists_Volume_1_-_Dynamic_and_Sitting_Poses__An_Essential_Reference_for_Figure_Drawing_and_the_Human_Form.jpg
Poems That Make Grown Women Cry,14.19,15,4,Poetry,images\Poems_That_Make_Grown_Women_Cry.jpg
"Nightingale, Sing",38.28,15,1,Young Adult,images\Nightingale__Sing.jpg
Night Sky with Exit Wounds,41.05,15,1,Poetry,images\Night_Sky_with_Exit_Wounds.jpg
Mrs. Houdini,30.25,15,5,Historical Fiction,images\Mrs._Houdini.jpg
Modern Romance,28.26,15,5,Add a comment,images\Modern_Romance.jpg
Miss Peregrine’s Home for Peculiar Children (Miss Peregrine’s Peculiar Children #1),10.76,15,1,Default,images\Miss_Peregrine’s_Home_for_Peculiar_Children_(Miss_Peregrine’s_Peculiar_Children_#1).jpg
Louisa: The Extraordinary Life of Mrs. Adams,16.85,15,2,Biography,images\Louisa__The_Extraordinary_Life_of_Mrs._Adams.jpg
Little Red,13.47,15,3,Childrens,images\Little_Red.jpg
Library of Souls (Miss Peregrine’s Peculiar Children #3),48.56,15,5,Young Adult,images\Library_of_Souls_(Miss_Peregrine’s_Peculiar_Children_#3).jpg
Large Print Heart of the Pride,19.15,15,2,Default,images\Large_Print_Heart_of_the_Pride.jpg
I Had a Nice Time And Other Lies...: How to find love & sh*t like that,57.36,15,4,Womens Fiction,images\I_Had_a_Nice_Time_And_Other_Lies...__How_to_find_love_&_sh_t_like_that.jpg
Hollow City (Miss Peregrine’s Peculiar Children #2),42.98,15,1,Fantasy,images\Hollow_City_(Miss_Peregrine’s_Peculiar_Children_#2).jpg
Grumbles,22.16,15,2,Default,images\Grumbles.jpg
Full Moon over Noah’s Ark: An Odyssey to Mount Ararat and Beyond,49.43,15,4,Travel,images\Full_Moon_over_Noah’s_Ark__An_Odyssey_to_Mount_Ararat_and_Beyond.jpg
Frostbite (Vampire Academy #2),29.99,15,5,Young Adult,images\Frostbite_(Vampire_Academy_#2).jpg
Follow You Home,21.36,15,1,Horror,images\Follow_You_Home.jpg
First Steps for New Christians (Print Edition),29.0,15,1,Default,images\First_Steps_for_New_Christians_(Print_Edition).jpg
Finders Keepers (Bill Hodges Trilogy #2),53.53,15,5,Fiction,images\Finders_Keepers_(Bill_Hodges_Trilogy_#2).jpg
"Fables, Vol. 1: Legends in Exile (Fables #1)",41.62,15,4,Sequential Art,images\Fables__Vol._1__Legends_in_Exile_(Fables_#1).jpg
Eureka Trivia 6.0,54.59,15,4,Default,images\Eureka_Trivia_6.0.jpg
Drive: The Surprising Truth About What Motivates Us,34.95,15,4,Default,images\Drive__The_Surprising_Truth_About_What_Motivates_Us.jpg
Done Rubbed Out (Reightman & Bailey #1),37.72,15,5,Default,images\Done_Rubbed_Out_(Reightman_&_Bailey_#1).jpg
Doing It Over (Most Likely To #1),35.61,15,3,Romance,images\Doing_It_Over_(Most_Likely_To_#1).jpg
"Deliciously Ella Every Day: Quick and Easy Recipes for Gluten-Free Snacks, Packed Lunches, and Simple Meals",42.16,15,3,Food and Drink,images\Deliciously_Ella_Every_Day__Quick_and_Easy_Recipes_for_Gluten-Free_Snacks__Packed_Lunches__and_Simple_Meals.jpg
Dark Notes,19.19,15,5,Erotica,images\Dark_Notes.jpg
"Daring Greatly: How the Courage to Be Vulnerable Transforms the Way We Live, Love, Parent, and Lead",19.43,15,3,Nonfiction,images\Daring_Greatly__How_the_Courage_to_Be_Vulnerable_Transforms_the_Way_We_Live__Love__Parent__and_Lead.jpg
Close to You,49.46,15,4,Christian Fiction,images\Close_to_You.jpg
Chasing Heaven: What Dying Taught Me About Living,37.8,15,2,Spirituality,images\Chasing_Heaven__What_Dying_Taught_Me_About_Living.jpg
Big Magic: Creative Living Beyond Fear,30.8,15,3,Nonfiction,images\Big_Magic__Creative_Living_Beyond_Fear.jpg
Becoming Wise: An Inquiry into the Mystery and Art of Living,27.43,15,2,Nonfiction,images\Becoming_Wise__An_Inquiry_into_the_Mystery_and_Art_of_Living.jpg
Beauty Restored (Riley Family Legacy Novellas #3),11.11,15,2,Default,images\Beauty_Restored_(Riley_Family_Legacy_Novellas_#3).jpg
Batman: The Long Halloween (Batman),36.5,15,2,Sequential Art,images\Batman__The_Long_Halloween_(Batman).jpg
Batman: The Dark Knight Returns (Batman),15.38,15,5,Sequential Art,images\Batman__The_Dark_Knight_Returns_(Batman).jpg
Ayumi's Violin,15.48,15,2,Default,images\Ayumi's_Violin.jpg
Anonymous,46.82,15,4,Default,images\Anonymous.jpg
Amy Meets the Saints and Sages,18.46,15,3,Default,images\Amy_Meets_the_Saints_and_Sages.jpg
Amid the Chaos,36.58,15,1,Cultural,images\Amid_the_Chaos.jpg
Amatus,50.54,15,5,Default,images\Amatus.jpg
Agnostic: A Spirited Manifesto,12.51,15,5,Nonfiction,images\Agnostic__A_Spirited_Manifesto.jpg
Zealot: The Life and Times of Jesus of Nazareth,24.7,14,3,History,images\Zealot__The_Life_and_Times_of_Jesus_of_Nazareth.jpg
You (You #1),43.61,14,5,Thriller,images\You_(You_#1).jpg
"Wonder Woman: Earth One, Volume One (Wonder Woman: Earth One #1)",37.34,14,4,Sequential Art,images\Wonder_Woman__Earth_One__Volume_One_(Wonder_Woman__Earth_One_#1).jpg
Wild Swans,14.36,14,2,Young Adult,images\Wild_Swans.jpg
Why the Right Went Wrong: Conservatism--From Goldwater to the Tea Party and Beyond,52.65,14,4,Politics,images\Why_the_Right_Went_Wrong__Conservatism--From_Goldwater_to_the_Tea_Party_and_Beyond.jpg
Whole Lotta Creativity Going On: 60 Fun and Unusual Exercises to Awaken and Strengthen Your Creativity,38.2,14,4,Nonfiction,images\Whole_Lotta_Creativity_Going_On__60_Fun_and_Unusual_Exercises_to_Awaken_and_Strengthen_Your_Creativity.jpg
What's It Like in Space?: Stories from Astronauts Who've Been There,19.6,14,2,Nonfiction,images\What's_It_Like_in_Space___Stories_from_Astronauts_Who've_Been_There.jpg
"We Are Robin, Vol. 1: The Vigilante Business (We Are Robin #1)",53.9,14,1,Sequential Art,images\We_Are_Robin__Vol._1__The_Vigilante_Business_(We_Are_Robin_#1).jpg
Walt Disney's Alice in Wonderland,12.96,14,5,Childrens,images\Walt_Disney's_Alice_in_Wonderland.jpg
V for Vendetta (V for Vendetta Complete),37.1,14,4,Default,images\V_for_Vendetta_(V_for_Vendetta_Complete).jpg
Until Friday Night (The Field Party #1),46.31,14,2,Young Adult,images\Until_Friday_Night_(The_Field_Party_#1).jpg
"Unbroken: A World War II Story of Survival, Resilience, and Redemption",45.95,14,2,Default,images\Unbroken__A_World_War_II_Story_of_Survival__Resilience__and_Redemption.jpg
Twenty Yawns,22.08,14,2,Childrens,images\Twenty_Yawns.jpg
Through the Woods,25.38,14,2,Sequential Art,images\Through_the_Woods.jpg
This Is Where It Ends,27.12,14,2,Young Adult,images\This_Is_Where_It_Ends.jpg
The Year of Magical Thinking,43.04,14,2,Nonfiction,images\The_Year_of_Magical_Thinking.jpg
The Wright Brothers,56.8,14,4,Default,images\The_Wright_Brothers.jpg
The White Queen (The Cousins' War #1),25.91,14,5,Add a comment,images\The_White_Queen_(The_Cousins'_War_#1).jpg
The Wedding Pact (The O'Malleys #2),32.61,14,3,Romance,images\The_Wedding_Pact_(The_O'Malleys_#2).jpg
The Time Keeper,27.88,14,5,Fiction,images\The_Time_Keeper.jpg
The Testament of Mary,52.67,14,4,Fiction,images\The_Testament_of_Mary.jpg
The Star-Touched Queen,46.02,14,5,Fantasy,images\The_Star-Touched_Queen.jpg
The Songs of the Gods,44.48,14,5,Default,images\The_Songs_of_the_Gods.jpg
The Song of Achilles,37.4,14,5,Add a comment,images\The_Song_of_Achilles.jpg
The Rosie Project (Don Tillman #1),54.04,14,1,Default,images\The_Rosie_Project_(Don_Tillman_#1).jpg
The Power of Habit: Why We Do What We Do in Life and Business,16.88,14,3,Default,images\The_Power_of_Habit__Why_We_Do_What_We_Do_in_Life_and_Business.jpg
The Marriage of Opposites,28.08,14,4,Historical Fiction,images\The_Marriage_of_Opposites.jpg
The Lucifer Effect: Understanding How Good People Turn Evil,10.4,14,1,Psychology,images\The_Lucifer_Effect__Understanding_How_Good_People_Turn_Evil.jpg
The Long Haul (Diary of a Wimpy Kid #9),44.07,14,1,Humor,images\The_Long_Haul_(Diary_of_a_Wimpy_Kid_#9).jpg
The Loney,23.4,14,1,Horror,images\The_Loney.jpg
The Literature Book (Big Ideas Simply Explained),17.43,14,3,Nonfiction,images\The_Literature_Book_(Big_Ideas_Simply_Explained).jpg
The Last Mile (Amos Decker #2),54.21,14,2,Mystery,images\The_Last_Mile_(Amos_Decker_#2).jpg
The Immortal Life of Henrietta Lacks,40.67,14,2,Add a comment,images\The_Immortal_Life_of_Henrietta_Lacks.jpg
The Hidden Oracle (The Trials of Apollo #1),52.26,14,2,Fantasy,images\The_Hidden_Oracle_(The_Trials_of_Apollo_#1).jpg
The Help Yourself Cookbook for Kids: 60 Easy Plant-Based Recipes Kids Can Make to Stay Healthy and Save the Earth,28.77,14,3,Food and Drink,images\The_Help_Yourself_Cookbook_for_Kids__60_Easy_Plant-Based_Recipes_Kids_Can_Make_to_Stay_Healthy_and_Save_the_Earth.jpg
The Guilty (Will Robie #4),13.82,14,2,Thriller,images\The_Guilty_(Will_Robie_#4).jpg
The First Hostage (J.B. Collins #2),25.85,14,3,Fiction,images\The_First_Hostage_(J.B._Collins_#2).jpg
The Dovekeepers,48.78,14,1,Add a comment,images\The_Dovekeepers.jpg
The Darkest Lie,35.35,14,5,Young Adult,images\The_Darkest_Lie.jpg
The Bane Chronicles (The Bane Chronicles #1-11),44.73,14,4,Fantasy,images\The_Bane_Chronicles_(The_Bane_Chronicles_#1-11).jpg
The Bad-Ass Librarians of Timbuktu: And Their Race to Save the World’s Most Precious Manuscripts,15.77,14,1,Nonfiction,images\The_Bad-Ass_Librarians_of_Timbuktu__And_Their_Race_to_Save_the_World’s_Most_Precious_Manuscripts.jpg
The 14th Colony (Cotton Malone #11),39.24,14,1,Thriller,images\The_14th_Colony_(Cotton_Malone_#11).jpg
That Darkness (Gardiner and Renner #1),13.92,14,1,Mystery,images\That_Darkness_(Gardiner_and_Renner_#1).jpg
Tastes Like Fear (DI Marnie Rome #3),10.69,14,1,Mystery,images\Tastes_Like_Fear_(DI_Marnie_Rome_#3).jpg
Take Me with You,45.21,14,3,Fiction,images\Take_Me_with_You.jpg
Swell: A Year of Waves,45.58,14,1,Nonfiction,images\Swell__A_Year_of_Waves.jpg
Superman Vol. 1: Before Truth (Superman by Gene Luen Yang #1),11.89,14,5,Sequential Art,images\Superman_Vol._1__Before_Truth_(Superman_by_Gene_Luen_Yang_#1).jpg
Still Life with Bread Crumbs,26.41,14,3,Fiction,images\Still_Life_with_Bread_Crumbs.jpg
Steve Jobs,39.5,14,5,Default,images\Steve_Jobs.jpg
Sorting the Beef from the Bull: The Science of Food Fraud Forensics,44.74,14,4,Science,images\Sorting_the_Beef_from_the_Bull__The_Science_of_Food_Fraud_Forensics.jpg
Someone Like You (The Harrisons #2),52.79,14,5,Contemporary,images\Someone_Like_You_(The_Harrisons_#2).jpg
"So Cute It Hurts!!, Vol. 6 (So Cute It Hurts!! #6)",35.43,14,4,Sequential Art,images\So_Cute_It_Hurts!!__Vol._6_(So_Cute_It_Hurts!!_#6).jpg
Shtum,55.84,14,4,Fiction,images\Shtum.jpg
See America: A Celebration of Our National Parks & Treasured Sites,48.87,14,3,Travel,images\See_America__A_Celebration_of_Our_National_Parks_&_Treasured_Sites.jpg
salt.,46.78,14,4,Poetry,images\salt..jpg
Robin War,47.82,14,3,Sequential Art,images\Robin_War.jpg
"Red Hood/Arsenal, Vol. 1: Open for Business (Red Hood/Arsenal #1)",25.48,14,2,Sequential Art,images\Red_Hood_Arsenal__Vol._1__Open_for_Business_(Red_Hood_Arsenal_#1).jpg
Rain Fish,23.57,14,3,Childrens,images\Rain_Fish.jpg
"Quarter Life Poetry: Poems for the Young, Broke and Hangry",50.89,14,5,Poetry,images\Quarter_Life_Poetry__Poems_for_the_Young__Broke_and_Hangry.jpg
Pet Sematary,10.56,14,3,Horror,images\Pet_Sematary.jpg
"Overload: How to Unplug, Unwind, and Unleash Yourself from the Pressure of Stress",52.15,14,3,Self Help,images\Overload__How_to_Unplug__Unwind__and_Unleash_Yourself_from_the_Pressure_of_Stress.jpg
Once Was a Time,18.28,14,2,Childrens,images\Once_Was_a_Time.jpg
Old School (Diary of a Wimpy Kid #10),11.83,14,5,Humor,images\Old_School_(Diary_of_a_Wimpy_Kid_#10).jpg
No Dream Is Too High: Life Lessons From a Man Who Walked on the Moon,21.95,14,2,Nonfiction,images\No_Dream_Is_Too_High__Life_Lessons_From_a_Man_Who_Walked_on_the_Moon.jpg
"Naruto (3-in-1 Edition), Vol. 14: Includes Vols. 40, 41 & 42 (Naruto: Omnibus #14)",38.39,14,2,Sequential Art,images\Naruto_(3-in-1_Edition)__Vol._14__Includes_Vols._40__41_&_42_(Naruto__Omnibus_#14).jpg
My Name Is Lucy Barton,41.56,14,1,Fiction,images\My_Name_Is_Lucy_Barton.jpg
My Mrs. Brown,24.48,14,3,Fiction,images\My_Mrs._Brown.jpg
My Kind of Crazy,40.36,14,1,Young Adult,images\My_Kind_of_Crazy.jpg
Mr. Mercedes (Bill Hodges Trilogy #1),28.9,14,1,Fiction,images\Mr._Mercedes_(Bill_Hodges_Trilogy_#1).jpg
More Than Music (Chasing the Dream #1),37.61,14,2,Add a comment,images\More_Than_Music_(Chasing_the_Dream_#1).jpg
Made to Stick: Why Some Ideas Survive and Others Die,38.85,14,5,Business,images\Made_to_Stick__Why_Some_Ideas_Survive_and_Others_Die.jpg
Luis Paints the World,53.95,14,3,Childrens,images\Luis_Paints_the_World.jpg
Luckiest Girl Alive,49.83,14,3,Default,images\Luckiest_Girl_Alive.jpg
Lowriders to the Center of the Earth (Lowriders in Space #2),51.51,14,2,Sequential Art,images\Lowriders_to_the_Center_of_the_Earth_(Lowriders_in_Space_#2).jpg
Love Is a Mix Tape (Music #1),18.03,14,1,Music,images\Love_Is_a_Mix_Tape_(Music_#1).jpg
Looking for Lovely: Collecting the Moments that Matter,29.14,14,5,Nonfiction,images\Looking_for_Lovely__Collecting_the_Moments_that_Matter.jpg
"Living Leadership by Insight: A Good Leader Achieves, a Great Leader Builds Monuments",46.91,14,4,Default,images\Living_Leadership_by_Insight__A_Good_Leader_Achieves__a_Great_Leader_Builds_Monuments.jpg
Let It Out: A Journey Through Journaling,26.79,14,5,Nonfiction,images\Let_It_Out__A_Journey_Through_Journaling.jpg
Lady Midnight (The Dark Artifices #1),16.28,14,5,Default,images\Lady_Midnight_(The_Dark_Artifices_#1).jpg
"It's All Easy: Healthy, Delicious Weeknight Meals in under 30 Minutes",19.55,14,1,Food and Drink,images\It's_All_Easy__Healthy__Delicious_Weeknight_Meals_in_under_30_Minutes.jpg
Island of Dragons (Unwanteds #7),29.65,14,1,Fantasy,images\Island_of_Dragons_(Unwanteds_#7).jpg
I Know What I'm Doing -- and Other Lies I Tell Myself: Dispatches from a Life Under Construction,25.98,14,4,Humor,images\I_Know_What_I'm_Doing_--_and_Other_Lies_I_Tell_Myself__Dispatches_from_a_Life_Under_Construction.jpg
I Am Pilgrim (Pilgrim #1),10.6,14,4,Fiction,images\I_Am_Pilgrim_(Pilgrim_#1).jpg
"Hyperbole and a Half: Unfortunate Situations, Flawed Coping Mechanisms, Mayhem, and Other Things That Happened",14.75,14,5,Humor,images\Hyperbole_and_a_Half__Unfortunate_Situations__Flawed_Coping_Mechanisms__Mayhem__and_Other_Things_That_Happened.jpg
"Hush, Hush (Hush, Hush #1)",47.02,14,3,Default,images\Hush__Hush_(Hush__Hush_#1).jpg
Hold Your Breath (Search and Rescue #1),28.82,14,1,Romance,images\Hold_Your_Breath_(Search_and_Rescue_#1).jpg
Hamilton: The Revolution,58.79,14,3,Nonfiction,images\Hamilton__The_Revolution.jpg
Greek Mythic History,10.23,14,5,Default,images\Greek_Mythic_History.jpg
God: The Most Unpleasant Character in All Fiction,30.03,14,5,Religion,images\God__The_Most_Unpleasant_Character_in_All_Fiction.jpg
Glory over Everything: Beyond The Kitchen House,45.84,14,3,Historical Fiction,images\Glory_over_Everything__Beyond_The_Kitchen_House.jpg
Feathers: Displays of Brilliant Plumage,49.05,14,3,Art,images\Feathers__Displays_of_Brilliant_Plumage.jpg
"Far & Away: Places on the Brink of Change: Seven Continents, Twenty-Five Years",15.06,14,4,Nonfiction,images\Far_&_Away__Places_on_the_Brink_of_Change__Seven_Continents__Twenty-Five_Years.jpg
Every Last Word,46.47,14,3,Default,images\Every_Last_Word.jpg
Eligible (The Austen Project #4),27.09,14,3,Fiction,images\Eligible_(The_Austen_Project_#4).jpg
El Deafo,57.62,14,5,Sequential Art,images\El_Deafo.jpg
Eight Hundred Grapes,14.39,14,4,Fiction,images\Eight_Hundred_Grapes.jpg
"Eaternity: More than 150 Deliciously Easy Vegan Recipes for a Long, Healthy, Satisfied, Joyful Life",51.75,14,5,Nonfiction,images\Eaternity__More_than_150_Deliciously_Easy_Vegan_Recipes_for_a_Long__Healthy__Satisfied__Joyful_Life.jpg
"Eat Fat, Get Thin",54.07,14,2,Health,images\Eat_Fat__Get_Thin.jpg
Don't Get Caught,55.35,14,1,Young Adult,images\Don't_Get_Caught.jpg
Doctor Sleep (The Shining #2),40.12,14,2,Horror,images\Doctor_Sleep_(The_Shining_#2).jpg
Demigods & Magicians: Percy and Annabeth Meet the Kanes (Percy Jackson & Kane Chronicles Crossover #1-3),37.51,14,5,Fantasy,images\Demigods_&_Magicians__Percy_and_Annabeth_Meet_the_Kanes_(Percy_Jackson_&_Kane_Chronicles_Crossover_#1-3).jpg
Dear Mr. Knightley,11.21,14,5,Fiction,images\Dear_Mr._Knightley.jpg
Daily Fantasy Sports,36.58,14,1,Default,images\Daily_Fantasy_Sports.jpg
Crazy Love: Overwhelmed by a Relentless God,47.72,14,2,Christian,images\Crazy_Love__Overwhelmed_by_a_Relentless_God.jpg
Cometh the Hour (The Clifton Chronicles #6),25.01,14,3,Fiction,images\Cometh_the_Hour_(The_Clifton_Chronicles_#6).jpg
Code Name Verity (Code Name Verity #1),22.13,14,4,Add a comment,images\Code_Name_Verity_(Code_Name_Verity_#1).jpg
Clockwork Angel (The Infernal Devices #1),44.14,14,1,Default,images\Clockwork_Angel_(The_Infernal_Devices_#1).jpg
City of Glass (The Mortal Instruments #3),56.02,14,4,Fantasy,images\City_of_Glass_(The_Mortal_Instruments_#3).jpg
City of Fallen Angels (The Mortal Instruments #4),11.23,14,4,Default,images\City_of_Fallen_Angels_(The_Mortal_Instruments_#4).jpg
City of Bones (The Mortal Instruments #1),43.28,14,1,Default,images\City_of_Bones_(The_Mortal_Instruments_#1).jpg
City of Ashes (The Mortal Instruments #2),47.27,14,1,Default,images\City_of_Ashes_(The_Mortal_Instruments_#2).jpg
Cell,20.29,14,4,Add a comment,images\Cell.jpg
Catching Jordan (Hundred Oaks),50.83,14,3,Young Adult,images\Catching_Jordan_(Hundred_Oaks).jpg
"Carry On, Warrior: Thoughts on Life Unarmed",31.85,14,3,Default,images\Carry_On__Warrior__Thoughts_on_Life_Unarmed.jpg
Carrie,46.23,14,2,Default,images\Carrie.jpg
Buying In: The Secret Dialogue Between What We Buy and Who We Are,37.8,14,4,Nonfiction,images\Buying_In__The_Secret_Dialogue_Between_What_We_Buy_and_Who_We_Are.jpg
Brain on Fire: My Month of Madness,49.32,14,5,Nonfiction,images\Brain_on_Fire__My_Month_of_Madness.jpg
Batman: Europa,32.01,14,2,Sequential Art,images\Batman__Europa.jpg
Barefoot Contessa Back to Basics,28.01,14,1,Food and Drink,images\Barefoot_Contessa_Back_to_Basics.jpg
Barefoot Contessa at Home: Everyday Recipes You'll Make Over and Over Again,50.62,14,5,Food and Drink,images\Barefoot_Contessa_at_Home__Everyday_Recipes_You'll_Make_Over_and_Over_Again.jpg
Balloon Animals,17.03,14,3,Fiction,images\Balloon_Animals.jpg
Art Ops Vol. 1,48.8,14,3,Sequential Art,images\Art_Ops_Vol._1.jpg
Aristotle and Dante Discover the Secrets of the Universe (Aristotle and Dante Discover the Secrets of the Universe #1),58.14,14,4,Young Adult,images\Aristotle_and_Dante_Discover_the_Secrets_of_the_Universe_(Aristotle_and_Dante_Discover_the_Secrets_of_the_Universe_#1).jpg
Angels Walking (Angels Walking #1),34.2,14,2,Add a comment,images\Angels_Walking_(Angels_Walking_#1).jpg
Angels & Demons (Robert Langdon #1),51.48,14,3,Default,images\Angels_&_Demons_(Robert_Langdon_#1).jpg
All the Light We Cannot See,29.87,14,5,Historical,images\All_the_Light_We_Cannot_See.jpg
"Adulthood Is a Myth: A ""Sarah's Scribbles"" Collection",10.9,14,2,Sequential Art,images\Adulthood_Is_a_Myth__A__Sarah's_Scribbles__Collection.jpg
Abstract City,56.37,14,5,Nonfiction,images\Abstract_City.jpg
A Time of Torment (Charlie Parker #14),48.35,14,5,Mystery,images\A_Time_of_Torment_(Charlie_Parker_#14).jpg
A Study in Scarlet (Sherlock Holmes #1),16.73,14,2,Mystery,images\A_Study_in_Scarlet_(Sherlock_Holmes_#1).jpg
"A Series of Catastrophes and Miracles: A True Story of Love, Science, and Cancer",56.48,14,2,Add a comment,images\A_Series_of_Catastrophes_and_Miracles__A_True_Story_of_Love__Science__and_Cancer.jpg
A People's History of the United States,40.79,14,2,Add a comment,images\A_People's_History_of_the_United_States.jpg
A Man Called Ove,39.72,14,1,Fiction,images\A_Man_Called_Ove.jpg
A Distant Mirror: The Calamitous 14th Century,14.58,14,3,History,images\A_Distant_Mirror__The_Calamitous_14th_Century.jpg
A Brush of Wings (Angels Walking #3),55.51,14,1,Add a comment,images\A_Brush_of_Wings_(Angels_Walking_#3).jpg
1491: New Revelations of the Americas Before Columbus,21.8,14,3,History,images\1491__New_Revelations_of_the_Americas_Before_Columbus.jpg
"The Three Searches, Meaning, and the Story",13.33,13,3,Default,images\The_Three_Searches__Meaning__and_the_Story.jpg
Searching for Meaning in Gailana,38.73,13,1,Fantasy,images\Searching_for_Meaning_in_Gailana.jpg
Rook,37.86,13,4,Add a comment,images\Rook.jpg
My Kitchen Year: 136 Recipes That Saved My Life,11.53,13,2,Food and Drink,images\My_Kitchen_Year__136_Recipes_That_Saved_My_Life.jpg
13 Hours: The Inside Account of What Really Happened In Benghazi,27.06,13,1,Nonfiction,images\13_Hours__The_Inside_Account_of_What_Really_Happened_In_Benghazi.jpg
Will You Won't You Want Me?,13.86,12,3,Womens Fiction,images\Will_You_Won't_You_Want_Me_.jpg
Tipping Point for Planet Earth: How Close Are We to the Edge?,37.55,12,1,Science,images\Tipping_Point_for_Planet_Earth__How_Close_Are_We_to_the_Edge_.jpg
The Silent Sister (Riley MacPherson #1),46.29,12,5,Fiction,images\The_Silent_Sister_(Riley_MacPherson_#1).jpg
The Midnight Watch: A Novel of the Titanic and the Californian,26.2,12,1,Add a comment,images\The_Midnight_Watch__A_Novel_of_the_Titanic_and_the_Californian.jpg
The Lonely City: Adventures in the Art of Being Alone,33.26,12,2,Nonfiction,images\The_Lonely_City__Adventures_in_the_Art_of_Being_Alone.jpg
The Gray Rhino: How to Recognize and Act on the Obvious Dangers We Ignore,59.15,12,4,Add a comment,images\The_Gray_Rhino__How_to_Recognize_and_Act_on_the_Obvious_Dangers_We_Ignore.jpg
The Golden Condom: And Other Essays on Love Lost and Found,39.43,12,1,Psychology,images\The_Golden_Condom__And_Other_Essays_on_Love_Lost_and_Found.jpg
The Epidemic (The Program 0.6),14.44,12,5,Young Adult,images\The_Epidemic_(The_Program_0.6).jpg
The Dinner Party,56.54,12,2,Fiction,images\The_Dinner_Party.jpg
The Diary of a Young Girl,59.9,12,3,Nonfiction,images\The_Diary_of_a_Young_Girl.jpg
The Children,11.88,12,3,Add a comment,images\The_Children.jpg
Stars Above (The Lunar Chronicles #4.5),48.05,12,2,Young Adult,images\Stars_Above_(The_Lunar_Chronicles_#4.5).jpg
Snatched: How A Drug Queen Went Undercover for the DEA and Was Kidnapped By Colombian Guerillas,21.21,12,3,Nonfiction,images\Snatched__How_A_Drug_Queen_Went_Undercover_for_the_DEA_and_Was_Kidnapped_By_Colombian_Guerillas.jpg
Raspberry Pi Electronics Projects for the Evil Genius,49.67,12,4,Default,images\Raspberry_Pi_Electronics_Projects_for_the_Evil_Genius.jpg
Quench Your Own Thirst: Business Lessons Learned Over a Beer or Two,43.14,12,1,Business,images\Quench_Your_Own_Thirst__Business_Lessons_Learned_Over_a_Beer_or_Two.jpg
Psycho: Sanitarium (Psycho #1.5),36.97,12,5,Horror,images\Psycho__Sanitarium_(Psycho_#1.5).jpg
Poisonous (Max Revere Novels #3),26.8,12,3,Mystery,images\Poisonous_(Max_Revere_Novels_#3).jpg
One with You (Crossfire #5),15.71,12,4,Add a comment,images\One_with_You_(Crossfire_#5).jpg
No Love Allowed (Dodge Cove #1),54.65,12,4,Young Adult,images\No_Love_Allowed_(Dodge_Cove_#1).jpg
Murder at the 42nd Street Library (Raymond Ambler #1),54.36,12,4,Mystery,images\Murder_at_the_42nd_Street_Library_(Raymond_Ambler_#1).jpg
Most Wanted,35.28,12,3,Mystery,images\Most_Wanted.jpg
"Love, Lies and Spies",20.55,12,2,Historical Fiction,images\Love__Lies_and_Spies.jpg
How to Speak Golf: An Illustrated Guide to Links Lingo,58.32,12,5,Default,images\How_to_Speak_Golf__An_Illustrated_Guide_to_Links_Lingo.jpg
Hide Away (Eve Duncan #20),11.84,12,1,Mystery,images\Hide_Away_(Eve_Duncan_#20).jpg
Furiously Happy: A Funny Book About Horrible Things,41.46,12,4,Nonfiction,images\Furiously_Happy__A_Funny_Book_About_Horrible_Things.jpg
Everyday Italian: 125 Simple and Delicious Recipes,20.1,12,5,Food and Drink,images\Everyday_Italian__125_Simple_and_Delicious_Recipes.jpg
Equal Is Unfair: America's Misguided Fight Against Income Inequality,56.86,12,1,Politics,images\Equal_Is_Unfair__America's_Misguided_Fight_Against_Income_Inequality.jpg
Eleanor & Park,56.51,12,5,Default,images\Eleanor_&_Park.jpg
Dirty (Dive Bar #1),40.83,12,4,Romance,images\Dirty_(Dive_Bar_#1).jpg
Can You Keep a Secret? (Fear Street Relaunch #4),48.64,12,1,Horror,images\Can_You_Keep_a_Secret__(Fear_Street_Relaunch_#4).jpg
Boar Island (Anna Pigeon #19),59.48,12,3,Mystery,images\Boar_Island_(Anna_Pigeon_#19).jpg
A Paris Apartment,39.01,12,4,Historical Fiction,images\A_Paris_Apartment.jpg
"A la Mode: 120 Recipes in 60 Pairings: Pies, Tarts, Cakes, Crisps, and More Topped with Ice Cream, Gelato, Frozen Custard, and More",38.77,12,1,Food and Drink,images\A_la_Mode__120_Recipes_in_60_Pairings__Pies__Tarts__Cakes__Crisps__and_More_Topped_with_Ice_Cream__Gelato__Frozen_Custard__and_More.jpg
Troublemaker: Surviving Hollywood and Scientology,48.39,11,2,Default,images\Troublemaker__Surviving_Hollywood_and_Scientology.jpg
The Widow,27.26,11,2,Mystery,images\The_Widow.jpg
"The Sleep Revolution: Transforming Your Life, One Night at a Time",11.68,11,4,Nonfiction,images\The_Sleep_Revolution__Transforming_Your_Life__One_Night_at_a_Time.jpg
The Improbability of Love,59.45,11,1,Fiction,images\The_Improbability_of_Love.jpg
The Art of Startup Fundraising,21.0,11,3,Business,images\The_Art_of_Startup_Fundraising.jpg
Take Me Home Tonight (Rock Star Romance #3),53.98,11,3,Romance,images\Take_Me_Home_Tonight_(Rock_Star_Romance_#3).jpg
Sleeping Giants (Themis Files #1),48.74,11,1,Science Fiction,images\Sleeping_Giants_(Themis_Files_#1).jpg
"Setting the World on Fire: The Brief, Astonishing Life of St. Catherine of Siena",21.15,11,2,Biography,images\Setting_the_World_on_Fire__The_Brief__Astonishing_Life_of_St._Catherine_of_Siena.jpg
Playing with Fire,13.71,11,3,Mystery,images\Playing_with_Fire.jpg
Off the Hook (Fishing for Trouble #1),47.67,11,3,Romance,images\Off_the_Hook_(Fishing_for_Trouble_#1).jpg
Mothering Sunday,13.34,11,2,Fiction,images\Mothering_Sunday.jpg
"Mother, Can You Not?",16.89,11,5,Nonfiction,images\Mother__Can_You_Not_.jpg
M Train,27.18,11,1,Autobiography,images\M_Train.jpg
Lilac Girls,17.28,11,2,Historical Fiction,images\Lilac_Girls.jpg
Lies and Other Acts of Love,45.14,11,1,Fiction,images\Lies_and_Other_Acts_of_Love.jpg
Lab Girl,40.85,11,1,Autobiography,images\Lab_Girl.jpg
Keep Me Posted,20.46,11,4,Womens Fiction,images\Keep_Me_Posted.jpg
It Didn't Start with You: How Inherited Family Trauma Shapes Who We Are and How to End the Cycle,56.27,11,3,Psychology,images\It_Didn't_Start_with_You__How_Inherited_Family_Trauma_Shapes_Who_We_Are_and_How_to_End_the_Cycle.jpg
Grey (Fifty Shades #4),48.49,11,4,Womens Fiction,images\Grey_(Fifty_Shades_#4).jpg
"Exit, Pursued by a Bear",51.34,11,4,Young Adult,images\Exit__Pursued_by_a_Bear.jpg
Daredevils,16.34,11,3,Fiction,images\Daredevils.jpg
Cravings: Recipes for What You Want to Eat,20.5,11,3,Food and Drink,images\Cravings__Recipes_for_What_You_Want_to_Eat.jpg
Born for This: How to Find the Work You Were Meant to Do,21.59,11,5,Business,images\Born_for_This__How_to_Find_the_Work_You_Were_Meant_to_Do.jpg
Arena,21.36,11,4,Science Fiction,images\Arena.jpg
Adultery,20.88,11,5,Default,images\Adultery.jpg
A Mother's Reckoning: Living in the Aftermath of Tragedy,19.53,11,3,Nonfiction,images\A_Mother's_Reckoning__Living_in_the_Aftermath_of_Tragedy.jpg
A Gentleman's Position (Society of Gentlemen #3),14.75,11,5,Romance,images\A_Gentleman's_Position_(Society_of_Gentlemen_#3).jpg
11/22/63,48.48,11,3,Fiction,images\11_22_63.jpg
"10% Happier: How I Tamed the Voice in My Head, Reduced Stress Without Losing My Edge, and Found Self-Help That Actually Works",24.57,10,2,Nonfiction,images\10%_Happier__How_I_Tamed_the_Voice_in_My_Head__Reduced_Stress_Without_Losing_My_Edge__and_Found_Self-Help_That_Actually_Works.jpg
10-Day Green Smoothie Cleanse: Lose Up to 15 Pounds in 10 Days!,49.71,10,5,Health,images\10-Day_Green_Smoothie_Cleanse__Lose_Up_to_15_Pounds_in_10_Days!.jpg
Without Shame,48.27,9,5,Add a comment,images\Without_Shame.jpg
Watchmen,58.05,9,4,Add a comment,images\Watchmen.jpg
Unlimited Intuition Now,58.87,9,4,Default,images\Unlimited_Intuition_Now.jpg
Underlying Notes,11.82,9,2,Default,images\Underlying_Notes.jpg
The Shack,28.03,9,1,Fiction,images\The_Shack.jpg
The New Brand You: Your New Image Makes the Sale for You,44.05,9,5,Default,images\The_New_Brand_You__Your_New_Image_Makes_the_Sale_for_You.jpg
"The Moosewood Cookbook: Recipes from Moosewood Restaurant, Ithaca, New York",12.34,9,4,Food and Drink,images\The_Moosewood_Cookbook__Recipes_from_Moosewood_Restaurant__Ithaca__New_York.jpg
The Flowers Lied,16.68,9,2,Default,images\The_Flowers_Lied.jpg
"The Fabric of the Cosmos: Space, Time, and the Texture of Reality",55.91,9,1,Science,images\The_Fabric_of_the_Cosmos__Space__Time__and_the_Texture_of_Reality.jpg
The Book of Mormon,24.57,9,3,Religion,images\The_Book_of_Mormon.jpg
The Art and Science of Low Carbohydrate Living,52.98,9,5,Health,images\The_Art_and_Science_of_Low_Carbohydrate_Living.jpg
The Alien Club,54.4,9,1,Young Adult,images\The_Alien_Club.jpg
Suzie Snowflake: One beautiful flake (a self-esteem story),54.81,9,5,Novels,images\Suzie_Snowflake__One_beautiful_flake_(a_self-esteem_story).jpg
Nap-a-Roo,25.08,9,1,Childrens,images\Nap-a-Roo.jpg
"NaNo What Now? Finding your editing process, revising your NaNoWriMo book and building a writing career through publishing and beyond",10.41,9,4,Default,images\NaNo_What_Now__Finding_your_editing_process__revising_your_NaNoWriMo_book_and_building_a_writing_career_through_publishing_and_beyond.jpg
Modern Day Fables,47.44,9,2,Default,images\Modern_Day_Fables.jpg
If I Gave You God's Phone Number....: Searching for Spirituality in America,20.91,9,1,Spirituality,images\If_I_Gave_You_God's_Phone_Number....__Searching_for_Spirituality_in_America.jpg
"Fruits Basket, Vol. 9 (Fruits Basket #9)",33.95,9,4,Sequential Art,images\Fruits_Basket__Vol._9_(Fruits_Basket_#9).jpg
Dress Your Family in Corduroy and Denim,43.68,9,3,Humor,images\Dress_Your_Family_in_Corduroy_and_Denim.jpg
Don't Forget Steven,33.23,9,1,Young Adult,images\Don't_Forget_Steven.jpg
Chernobyl 01:23:40: The Incredible True Story of the World's Worst Nuclear Disaster,35.92,9,2,Nonfiction,images\Chernobyl_01_23_40__The_Incredible_True_Story_of_the_World's_Worst_Nuclear_Disaster.jpg
Art and Fear: Observations on the Perils (and Rewards) of Artmaking,48.63,9,4,Art,images\Art_and_Fear__Observations_on_the_Perils_(and_Rewards)_of_Artmaking.jpg
A Shard of Ice (The Black Symphony Saga #1),56.63,9,3,Fantasy,images\A_Shard_of_Ice_(The_Black_Symphony_Saga_#1).jpg
A Hero's Curse (The Unseen Chronicles #1),50.49,9,3,Add a comment,images\A_Hero's_Curse_(The_Unseen_Chronicles_#1).jpg
23 Degrees South: A Tropical Tale of Changing Whether...,35.79,9,2,Add a comment,images\23_Degrees_South__A_Tropical_Tale_of_Changing_Whether....jpg
"Zero to One: Notes on Startups, or How to Build the Future",34.06,8,3,Nonfiction,images\Zero_to_One__Notes_on_Startups__or_How_to_Build_the_Future.jpg
Why Not Me?,17.76,8,1,Nonfiction,images\Why_Not_Me_.jpg
When Breath Becomes Air,39.36,8,2,Nonfiction,images\When_Breath_Becomes_Air.jpg
Vagabonding: An Uncommon Guide to the Art of Long-Term World Travel,36.94,8,2,Travel,images\Vagabonding__An_Uncommon_Guide_to_the_Art_of_Long-Term_World_Travel.jpg
The Unlikely Pilgrimage of Harold Fry (Harold Fry #1),43.62,8,5,Default,images\The_Unlikely_Pilgrimage_of_Harold_Fry_(Harold_Fry_#1).jpg
The New Drawing on the Right Side of the Brain,43.02,8,3,Art,images\The_New_Drawing_on_the_Right_Side_of_the_Brain.jpg
"The Midnight Assassin: Panic, Scandal, and the Hunt for America's First Serial Killer",28.45,8,4,Nonfiction,images\The_Midnight_Assassin__Panic__Scandal__and_the_Hunt_for_America's_First_Serial_Killer.jpg
The Martian (The Martian #1),41.39,8,2,Default,images\The_Martian_(The_Martian_#1).jpg
The High Mountains of Portugal,51.15,8,1,Fiction,images\The_High_Mountains_of_Portugal.jpg
The Grownup,35.88,8,1,Short Stories,images\The_Grownup.jpg
The E-Myth Revisited: Why Most Small Businesses Don't Work and What to Do About It,36.91,8,1,Business,images\The_E-Myth_Revisited__Why_Most_Small_Businesses_Don't_Work_and_What_to_Do_About_It.jpg
South of Sunshine,28.93,8,1,Young Adult,images\South_of_Sunshine.jpg
Smarter Faster Better: The Secrets of Being Productive in Life and Business,38.89,8,5,Nonfiction,images\Smarter_Faster_Better__The_Secrets_of_Being_Productive_in_Life_and_Business.jpg
Silence in the Dark (Logan Point #4),58.33,8,3,Suspense,images\Silence_in_the_Dark_(Logan_Point_#4).jpg
Shadows of the Past (Logan Point #1),39.67,8,5,Christian Fiction,images\Shadows_of_the_Past_(Logan_Point_#1).jpg
Roller Girl,14.1,8,5,Sequential Art,images\Roller_Girl.jpg
Rising Strong,21.82,8,3,Nonfiction,images\Rising_Strong.jpg
Proofs of God: Classical Arguments from Tertullian to Barth,54.21,8,1,Philosophy,images\Proofs_of_God__Classical_Arguments_from_Tertullian_to_Barth.jpg
Please Kill Me: The Uncensored Oral History of Punk,31.19,8,4,Music,images\Please_Kill_Me__The_Uncensored_Oral_History_of_Punk.jpg
Out of Print: City Lights Spotlight No. 14,53.64,8,5,Poetry,images\Out_of_Print__City_Lights_Spotlight_No._14.jpg
My Life Next Door (My Life Next Door ),36.39,8,5,Young Adult,images\My_Life_Next_Door_(My_Life_Next_Door_).jpg
Miller's Valley,58.54,8,2,Fiction,images\Miller's_Valley.jpg
Man's Search for Meaning,29.48,8,3,Nonfiction,images\Man's_Search_for_Meaning.jpg
"Love That Boy: What Two Presidents, Eight Road Trips, and My Son Taught Me About a Parent's Expectations",25.06,8,2,Nonfiction,images\Love_That_Boy__What_Two_Presidents__Eight_Road_Trips__and_My_Son_Taught_Me_About_a_Parent's_Expectations.jpg
Living Forward: A Proven Plan to Stop Drifting and Get the Life You Want,12.55,8,3,Nonfiction,images\Living_Forward__A_Proven_Plan_to_Stop_Drifting_and_Get_the_Life_You_Want.jpg
Les Fleurs du Mal,29.04,8,5,Poetry,images\Les_Fleurs_du_Mal.jpg
Left Behind (Left Behind #1),40.72,8,2,Default,images\Left_Behind_(Left_Behind_#1).jpg
Kill 'Em and Leave: Searching for James Brown and the American Soul,45.05,8,5,Music,images\Kill_'Em_and_Leave__Searching_for_James_Brown_and_the_American_Soul.jpg
Kierkegaard: A Christian Missionary to Christians,47.13,8,1,Philosophy,images\Kierkegaard__A_Christian_Missionary_to_Christians.jpg
John Vassos: Industrial Design for Modern Life,20.22,8,4,Default,images\John_Vassos__Industrial_Design_for_Modern_Life.jpg
I'll Give You the Sun,56.48,8,1,Default,images\I'll_Give_You_the_Sun.jpg
I Will Find You,44.21,8,1,Nonfiction,images\I_Will_Find_You.jpg
Hystopia: A Novel,21.96,8,4,Fiction,images\Hystopia__A_Novel.jpg
Howl and Other Poems,40.45,8,2,Poetry,images\Howl_and_Other_Poems.jpg
History of Beauty,10.29,8,4,Art,images\History_of_Beauty.jpg
Heaven is for Real: A Little Boy's Astounding Story of His Trip to Heaven and Back,52.86,8,2,Default,images\Heaven_is_for_Real__A_Little_Boy's_Astounding_Story_of_His_Trip_to_Heaven_and_Back.jpg
Future Shock (Future Shock #1),55.65,8,5,Young Adult,images\Future_Shock_(Future_Shock_#1).jpg
Ender's Game (The Ender Quintet #1),43.64,8,1,Default,images\Ender's_Game_(The_Ender_Quintet_#1).jpg
Diary of a Citizen Scientist: Chasing Tiger Beetles and Other New Ways of Engaging the World,28.41,8,1,Science,images\Diary_of_a_Citizen_Scientist__Chasing_Tiger_Beetles_and_Other_New_Ways_of_Engaging_the_World.jpg
Death by Leisure: A Cautionary Tale,37.51,8,4,Default,images\Death_by_Leisure__A_Cautionary_Tale.jpg
Brilliant Beacons: A History of the American Lighthouse,11.45,8,3,History,images\Brilliant_Beacons__A_History_of_the_American_Lighthouse.jpg
Brazen: The Courage to Find the You That's Been Hiding,19.22,8,2,Nonfiction,images\Brazen__The_Courage_to_Find_the_You_That's_Been_Hiding.jpg
Between the World and Me,56.91,8,4,Nonfiction,images\Between_the_World_and_Me.jpg
Being Mortal: Medicine and What Matters in the End,55.06,8,4,Nonfiction,images\Being_Mortal__Medicine_and_What_Matters_in_the_End.jpg
"A Murder Over a Girl: Justice, Gender, Junior High",13.2,8,3,Nonfiction,images\A_Murder_Over_a_Girl__Justice__Gender__Junior_High.jpg
32 Yolks,53.63,8,2,Food and Drink,images\32_Yolks.jpg
"""Most Blessed of the Patriarchs"": Thomas Jefferson and the Empire of the Imagination",44.48,8,5,History,images\_Most_Blessed_of_the_Patriarchs___Thomas_Jefferson_and_the_Empire_of_the_Imagination.jpg
You Are a Badass: How to Stop Doubting Your Greatness and Start Living an Awesome Life,12.08,7,3,Self Help,images\You_Are_a_Badass__How_to_Stop_Doubting_Your_Greatness_and_Start_Living_an_Awesome_Life.jpg
Wildlife of New York: A Five-Borough Coloring Book,22.14,7,2,Default,images\Wildlife_of_New_York__A_Five-Borough_Coloring_Book.jpg
What Happened on Beale Street (Secrets of the South Mysteries #2),25.37,7,5,Mystery,images\What_Happened_on_Beale_Street_(Secrets_of_the_South_Mysteries_#2).jpg
Unreasonable Hope: Finding Faith in the God Who Brings Purpose to Your Pain,46.33,7,2,Spirituality,images\Unreasonable_Hope__Finding_Faith_in_the_God_Who_Brings_Purpose_to_Your_Pain.jpg
Under the Tuscan Sun,37.33,7,3,Travel,images\Under_the_Tuscan_Sun.jpg
Toddlers Are A**holes: It's Not Your Fault,25.55,7,1,Humor,images\Toddlers_Are_A__holes__It's_Not_Your_Fault.jpg
The Year of Living Biblically: One Man's Humble Quest to Follow the Bible as Literally as Possible,34.72,7,1,Default,images\The_Year_of_Living_Biblically__One_Man's_Humble_Quest_to_Follow_the_Bible_as_Literally_as_Possible.jpg
The Whale,35.96,7,4,Childrens,images\The_Whale.jpg
